Groupe_Marketing,Montant_Achat
B,146.8506089694314
C,191.02244947380476
B,100.33967885070967
B,154.60933382446999
B,102.46579310547193
B,175.3336291981376
B,113.61396551372926
C,158.51308663150036
C,141.53412369928694
B,115.25390444447913
C,101.41920051307372
B,134.66878609259672
B,202.21888337685994
C,141.19544835331868
A,177.51664626347568
A,148.28871397013435
A,176.30180321071356
C,95.19265865086447
C,137.904350794514
C,178.48216571379658
C,145.10235153500463
C,147.4063415186686
B,137.0861426434262
C,184.48138150101371
A,158.92543061864836
B,151.32066828526044
A,169.29163636017879
C,167.6467478735381
B,156.3776113931261
B,196.41094490972534
A,148.19137399082643
C,158.3424314390383
B,130.7114233994133
B,154.50345681018388
A,197.63284571236102
B,130.70227194633785
B,115.99221523084623
B,179.90278928459446
C,145.53701543298962
C,152.8801261490931
B,148.64660088919996
B,152.37365171788605
C,175.51592050570315
A,124.82627428202179
C,119.64677747683534
C,152.54904411113122
A,101.80680931650502
A,108.80839391874215
A,206.0004944499488
B,172.7240499018421
B,149.69830584392957
B,187.1402080787532
C,118.78202309744566
A,140.53190629842425
A,168.70360828273147
A,176.72015044294184
B,165.3875054048333
A,73.76283576935326
B,120.95753647006266
A,164.31204277070594
A,139.3214552085958
A,226.20694862277514
B,177.7967490290129
A,166.74245641855998
A,116.4915133875983
B,148.94109781191253
C,157.23611892656857
A,183.83350890383406
C,176.43393291298898
A,180.98967583559838
C,122.28263952569993
B,192.36455094895894
C,108.58707743078193
B,133.92256315001515
C,162.92313404836923
A,145.50325224800582
A,119.81889426238826
A,125.35350523190601
A,103.55237031452873
A,165.95923917021574
A,187.8170653512645
B,146.98819489795903
A,137.9895355495973
C,105.83031214600531
B,177.39605772756533
A,216.33912999718478
B,96.07632586899308
A,118.0970118553618
B,129.61220872367568
C,133.07046270952532
A,156.82037850430444
C,198.42748641840683
A,180.2579186058031
C,165.8279214832295
A,128.28213887824194
A,116.41115298958637
B,126.09674081081097
A,196.44200404136217
C,148.14770095626298
A,136.59491239012135
C,144.48732809250023
A,174.73854658915403
C,110.61450976350625
C,192.44622407767267
A,154.69428770838897
B,143.5096806511282
B,163.28538341240215
B,156.55191219389812
A,139.67410630597857
C,142.4186798387518
B,123.93412359402143
C,169.69172252577908
C,134.04018571766514
A,121.31224732703151
C,154.97590567960611
B,189.8742384823666
C,148.5496612866054
B,131.7569622914493
C,162.1168806250792
C,208.10137387207655
C,106.44283411704758
B,161.4660836335588
C,156.15259875695563
B,184.8460141067735
B,179.72727521054537
B,144.39872664570663
A,99.46448233725351
A,174.1969130368878
B,124.9442192942555
A,121.59778767128432
B,184.45051742073377
B,122.67448867084042
A,192.08534220300731
A,160.0753416421594
B,159.57355200258849
B,159.21794341516772
B,100.84729122774624
B,96.70834150960272
B,156.46659161366054
B,167.0402207767926
C,152.47833096468602
B,125.35396448941418
B,150.56766311646584
C,147.53897540563548
C,121.28525705173769
C,180.41916462336485
A,98.09171815349742
C,167.6622722042252
C,161.52970215633735
C,180.29135564435143
A,119.84064382953423
C,153.04221440004633
A,215.13494847954496
B,169.8622286699912
A,153.0174362618689
C,166.1748382234259
C,152.5853052714036
B,215.72694039719522
B,179.5090858736754
A,147.43155137308509
C,157.56994294153563
B,138.27606011756959
C,186.29550379230915
C,107.81685685826967
C,101.8578441041704
C,193.76144249027982
A,214.59359377711746
B,164.04914723068777
C,153.38213823707213
A,169.7180307091433
B,130.58839420851723
A,155.13730635456636
A,151.16726117568646
A,168.79692752236082
C,103.2600441544981
A,134.78895690703987
B,175.34986809002513
C,129.7321851710981
C,120.19915873730594
A,211.26216449480862
A,151.14354000538202
B,132.63245580170377
B,99.22888687577674
A,171.8803903884128
C,170.9740846115608
B,141.0372119829019
B,116.93309427278729
B,149.26351729072863
C,124.92431797555136
A,121.73719233380652
B,146.90361745614877
A,118.45828804019806
A,157.39946865757338
C,168.2397752821919
C,124.81102658480425
B,108.95264713984828
A,196.83838796867423
A,121.79189292128385
A,130.20171884692988
B,156.3905150228966
A,167.98108117566892
C,142.3104931893107
B,163.82382983103767
A,137.97041526310798
A,120.86488005526827
A,192.78950582361082
C,224.65324842993385
B,200.8790859904251
B,154.25419917460363
C,205.00306085447036
C,160.67110547171953
A,135.68141188790312
B,163.99138723145936
A,147.16822480766444
A,120.50645448762877
C,123.05034085703952
A,174.0615521622155
B,94.6040405500598
B,168.12410221328054
C,101.11249191754686
B,86.36470665292691
C,94.83460188724504
A,209.0029191580422
C,144.11298105169374
A,152.5974954049626
C,192.57765137732855
C,178.02539245499173
A,108.25484191787342
C,176.07019028456284
C,155.5254379411064
A,139.74965707212357
A,150.7287274241334
B,188.39436061884066
A,123.42100553877141
A,162.02657037312363
B,149.71028290401276
B,96.08506153813144
B,125.93240484807568
A,155.7964065970109
B,188.92026267278672
C,180.0399305204019
A,167.91637513210276
B,125.54173016590624
A,204.03641972425606
C,156.45721402918835
B,119.8090343496435
B,144.51285057429146
A,176.88745276068477
A,150.22852494954475
B,176.60594059748283
B,183.1108187238645
C,162.0159205379612
C,124.26892130859318
C,154.06363989569942
C,151.35497567816492
A,205.78039001554885
B,101.21034186519509
B,145.95532646716939
C,132.47719359615243
A,160.05316860587996
A,76.87306922401932
A,183.4477367847084
A,150.412454620066
C,94.65896509115862
C,139.16660595780402
C,168.2688702496357
A,102.25656373625905
B,150.09666649329466
A,118.2757905659541
B,133.320449043631
C,150.8021514802391
C,155.5035076074473
B,135.87772505451818
C,158.18389168590792
A,174.53932821764417
C,141.6325717469028
C,192.94703272347874
C,193.86642512341257
B,137.13893803242513
C,130.86478330579246
A,100.0748104450148
C,146.2029200508183
B,139.09686659651845
A,173.37153660398974
B,104.71015181795104
A,141.6782582477067
C,179.06233179333435
B,128.0892871332612
B,127.12915389817172
B,106.59178995732574
B,228.61721538054718
A,127.57580465803862
C,110.98959503344983
A,125.8844878790544
B,126.77114758539587
A,141.91830664646278
A,174.76116696262545
C,141.05030493012498
C,122.31530055009516
C,106.45984505426924
C,150.65572074659613
C,151.27617222089373
A,195.92797053086474
A,152.77343206409427
B,147.0297506614777
A,118.4803849023753
A,140.82142274704825
A,136.84576625896182
C,138.89507506458892
A,121.22233822078235
C,166.14988809828532
A,145.72663747471893
A,143.98939559985038
A,98.57861651853011
C,164.80932262574592
A,164.61045977941137
B,124.82611791473359
B,179.7036415163758
C,109.05725309752702
C,149.3439027363276
A,141.86377980329507
A,110.48475633582618
A,155.69107836239988
A,201.07710456725374
A,152.0290269020076
B,136.10934737672846
C,163.41072470657033
C,153.17159986401464
A,150.83286394876504
B,137.23373361685657
A,192.65926677877394
C,163.69090090442356
A,134.13988023193534
C,146.75988489657126
C,127.77399887387782
C,131.75126549755515
A,130.77822827429404
B,115.97065218833318
B,173.31830891303866
A,141.26875610180923
B,166.6238273498031
A,129.89622306818111
B,148.18912516822985
A,128.66878209626665
C,171.59004511611994
A,142.54742079884886
B,128.07379242145842
A,100.74890313570648
B,158.26999648022323
C,128.74844842985678
B,149.52662348637014
A,135.24809675959418
B,178.62568742696294
B,166.32434257074024
B,163.41636262364494
C,131.51636630029563
A,163.98870130650567
A,201.44494826028128
B,125.03441897549814
C,155.17017417687566
A,100.52349076748604
C,191.95686276376608
B,138.06263704227476
B,173.47736642525933
C,98.30315247851031
B,203.92618161377715
C,139.29385415923204
B,166.36971970410082
C,154.52454618997783
C,142.3358764143669
C,200.5737690797791
A,100.5586138090146
C,158.96140979976028
B,177.31937016689912
A,149.10431635090902
A,146.45487646900224
C,145.71936863779604
C,113.17090738768776
B,151.14382152284804
B,165.38152570417196
C,152.05797682441982
B,141.8317169656476
C,135.3082493288092
B,141.62109992164883
C,187.73232652488116
C,87.40095061738373
C,151.20214369643327
A,140.16735248110749
B,193.67423855510532
B,151.66476676331408
A,194.5477679609986
B,86.28329945863322
A,163.78754714502168
C,158.4017358011304
A,191.71601901221814
C,100.75954173530913
B,145.34892575645023
B,151.98180785359477
A,135.1261351636437
A,186.49733141228822
B,139.83953443663808
C,211.0428763206346
A,181.62533726816767
C,178.525010910114
C,166.77896944172653
B,118.08913226923356
A,137.0671098746773
A,167.18254100571647
B,170.3267110076315
A,189.2155153524377
A,135.9767697112228
B,124.19539845226011
A,175.77312578356592
A,125.71120271879661
A,176.19935508211236
A,185.99208529245112
A,163.68459107481166
A,139.27262904094206
A,151.2324667843164
B,167.80397758809718
C,150.30556556136222
C,215.9488901601148
B,120.27987208118552
A,119.91994237890627
B,120.69313839794025
B,132.31260232364355
C,84.63205439415272
A,131.11048719179456
C,130.40145894216334
A,152.35542075522528
A,162.53401749618246
B,112.79350990776689
A,177.00162728292216
B,204.0672668937164
B,143.7514469071501
B,197.23113712426715
B,155.96968483215562
A,209.66195755786174
C,183.51850397064572
B,103.08286095480702
B,150.55882111984067
C,181.62974924712233
C,150.9163974312185
A,148.893494074648
A,188.09294250942912
B,128.7043745356169
C,150.52546839834656
C,159.70877293827357
C,139.98627118939308
C,149.39612688367387
A,173.25069789672511
C,162.9851286449998
A,125.738474040614
A,116.87628042602215
C,126.32693459230049
A,150.0374536736546
C,145.20180636728873
A,125.04127520348626
C,132.05548642450543
C,104.39882144423808
A,162.53561109651977
B,148.799438239451
B,112.2063796978419
C,150.8586151256335
A,190.2786603153106
A,127.80192441104221
B,189.4541299716292
A,140.29627582549728
C,155.93484503549604
A,152.93252407266556
B,192.04570248015736
C,154.75301540356594
B,115.7429574238846
C,110.67088888676363
C,104.01236839709617
C,98.64089507717335
C,151.38405176867056
C,121.24876559320316
C,147.57565161168776
B,128.8842289202866
A,126.87647097880304
A,135.57463977381812
A,171.10756663930164
B,177.87435443306072
A,161.13517657947116
B,120.30532351358642
B,169.30893826360017
C,170.66689999823797
C,158.23941610837335
B,131.89138691942728
A,171.2657872610142
B,162.68455724029985
C,56.494302252026216
B,169.33356100233127
B,92.58771987415479
A,169.90684729774145
B,145.37782804725495
B,185.80835042247594
A,147.05516366382207
B,123.40157219831663
A,145.57939006251468
B,181.79418884801322
B,150.78739853584761
C,146.5699452038287
B,172.3066054652501
C,156.3107809988944
C,149.82217782500305
A,190.98180205209994
A,196.65342096177204
B,168.39978678986103
A,141.4212254554448
B,194.9073298056248
C,185.49358671995122
C,171.56691496584875
B,113.51770257762416
C,154.22015709923883
A,127.6898347589738
B,145.22963245336922
C,157.20170787890157
C,153.0047822427187
B,135.74474682512255
A,188.18861246759732
A,99.11606199505371
C,171.90550593388843
A,94.27550185216387
B,161.47794410170388
B,123.39287021148374
C,176.3491127319759
A,152.5935757202278
B,157.43119135400474
A,119.45162023299446
B,130.36289595007247
B,156.2165218023286
A,167.5070978072791
A,237.87288725291586
A,156.6857496931046
B,179.28112576106778
C,103.29198202472219
C,110.10324415997812
C,139.33515676174645
A,114.077169130843
B,194.59197760399155
B,137.69343921659015
B,191.46545665179417
C,194.60347422256893
A,151.28339159650702
C,165.05399261422917
C,148.31701579977292
B,166.15311001063617
B,164.50025555341716
C,146.29051122323906
A,165.1490994438852
B,201.71088827001785
B,171.39048689132812
C,159.77398840921876
A,153.74308563129637
A,119.61980628694226
B,119.18109368773612
B,159.70069594440776
C,108.91826627858529
B,127.01017203109251
A,188.445340210924
C,207.4268909118844
C,100.02131769606845
B,198.79948686904746
C,143.6568512746333
B,149.54984738905907
C,146.59765108071798
C,182.41632381076462
C,101.76970262870469
C,163.684908340654
A,121.65389407835967
A,167.1236558814472
B,196.28389014879156
C,149.9874802076214
A,161.22465257912407
A,162.28655334713073
C,126.01219500988529
B,195.34918049652956
C,201.19404741782967
A,171.05350116351087
B,152.19856296022937
B,136.14318553937147
A,131.20529330552736
C,201.32509747639966
A,192.43245128187073
A,148.09015533631353
A,102.6020841098663
A,65.03964390273039
C,117.4972001920716
C,146.0813881201464
C,192.02067103329006
C,130.45031372826656
B,165.14446369021505
A,189.09542884945296
C,153.85608950568144
B,145.72656393633477
B,110.73709457284176
B,113.92574075386702
C,162.4829890324747
A,143.9727740039722
A,153.67593952959905
C,148.5816685291126
A,169.92432148075952
B,126.45937765711665
B,139.93258069250498
A,206.88546685899433
A,126.00641584842688
B,141.55273707599693
B,132.3183989406429
B,163.3434408722175
B,180.67176967326208
C,135.0536514424167
A,137.05756976685944
A,141.6305518409091
B,165.89501350424874
B,127.81814092469413
B,138.72120102086222
B,78.83418385460953
C,108.54764971515044
B,146.62668731942136
C,176.93592519609365
B,158.85227349905588
C,117.03694629998103
C,107.99231375616174
C,155.24040278694505
C,100.4158907324147
C,181.97780456150667
B,151.91688574950535
A,101.78039522297826
A,121.0213842347439
A,128.27066042306632
B,126.80422469329685
B,105.30200975335524
C,123.76012434033464
C,129.4679533157872
A,128.66142733168687
A,183.83869874800143
B,153.14483408481644
C,120.20228347687343
C,139.96135182137633
C,123.61328708065847
C,140.9998002296473
B,176.2652745942415
B,157.56812341836377
A,218.56803544584199
C,161.2778227730244
B,122.5921647006868
C,174.29222192443342
A,182.39793651427607
B,182.8250097433183
B,117.17277140894726
A,145.57087756455488
A,183.95435870485358
C,99.45813123378176
A,135.01749716933884
B,107.19186943719026
A,122.0228931030896
B,119.6262854176858
C,187.51709497630304
B,142.9638589527375
C,124.09933255974653
A,118.93182805846516
A,154.2500149461459
B,149.66593117978
B,190.32223124020283
C,165.00050087571907
B,107.04606665804887
C,131.13057877226194
B,182.10217536212932
B,131.36751906895867
B,202.03716524771127
B,117.0513170602576
A,167.1784005912237
C,124.16353339804076
B,134.71214601160926
C,121.97163296462293
B,97.45865674322967
A,116.26904490228213
B,109.46581189829598
B,115.07731367124602
A,82.23623577828974
A,95.56851203591998
C,108.4850523620174
A,83.0185425461268
B,132.59000086464658
C,84.45543915689731
B,93.9999284612441
C,79.86881870411526
A,57.13383869522623
C,135.93837045149854
A,95.91322126193906
B,91.0417032316892
B,96.02569876658403
B,128.3972794439287
B,80.69786783871166
A,113.59135731530165
A,91.52423502901047
B,88.0665828892338
C,111.34116425040365
B,119.76481147485394
A,89.72194099440169
A,84.6230168065038
A,76.61808505355945
A,122.07007533456752
A,88.49488010387765
A,63.01738545449098
A,128.19904276792292
A,72.60280996094116
C,115.58921062518122
A,103.66857293335049
B,105.75830864430557
C,88.31249449377356
B,107.31182920449272
A,66.64440214231524
A,111.76075497479626
B,131.1402008306432
B,117.68054394852652
B,59.609198292265575
C,80.31581995454303
C,96.24410156050386
C,109.73874609879866
A,97.8669465267955
C,90.13571225779005
B,111.90600615384585
C,123.28303532449932
C,95.35411985626806
C,114.57859734770479
C,48.418985096210506
B,81.24981227782541
B,93.5748212588398
B,90.22867558490748
B,106.6559643480891
A,120.2750109499652
B,110.13338052056777
C,87.55549056489889
A,69.54463818991627
B,111.13928241157774
A,63.23646520659976
A,113.06074566812858
A,96.23101835739864
C,76.48330024123543
A,105.74514624933586
A,99.94247794681998
B,99.26805414167507
A,98.31553406945211
C,108.39048216852282
C,118.4886804391702
C,109.93230396967704
B,120.2426637964462
A,99.11720562304387
B,132.3691864846395
C,111.42219644259646
B,89.12611940634446
A,78.1220988653119
C,104.1159360746816
B,73.86956954154797
A,80.53248064886503
A,104.78174160747199
A,87.84225107436092
C,81.33367519546155
B,99.31049907823204
B,101.4535579820758
B,95.88331949562524
C,92.44906161881423
C,117.09285457424897
C,106.84854702573655
B,95.53147775610609
C,149.2864386703073
C,103.87663473856826
C,122.6401026735466
A,88.78037993736487
A,72.7411810558398
A,84.16486968713072
C,94.63980433203776
A,90.06783580540966
B,126.72772364645587
B,97.59917755807784
C,109.2293775488228
C,99.07037687934219
A,91.32891334533664
B,100.7599202690703
C,134.28102939541463
C,84.64102816526369
A,115.33980901119102
A,79.47985496748436
A,90.80747115461122
A,100.07166411909168
B,106.52750179453982
A,129.66257255947627
B,98.9983471707093
A,83.12768786928147
B,113.00083946101539
A,92.71660382168488
C,104.77363141863671
C,97.67555120924496
B,61.13086297426355
A,110.16598371187946
A,111.66736013642597
B,118.53209536617211
A,136.00925524920456
B,76.09792453073048
B,110.3301488856352
B,108.18589993281911
C,91.61836014384356
C,107.94212472899558
C,109.99293910223932
B,75.62632340045606
C,104.92445522552865
C,81.6403138799077
B,86.96287000138818
B,64.505103696227
A,90.53278148995042
C,95.92858657053046
A,110.99713734592781
A,100.01799853342214
A,69.15423698400643
B,117.24296113768534
C,97.62826752899815
B,109.76741180859315
B,119.31872236919402
A,128.4520949793807
B,139.2245397873003
A,98.55522482656664
A,106.22248892187307
C,78.4327781836644
A,121.23200340070522
C,76.3022511085646
C,63.89496622739158
A,116.60772010680783
B,89.5660695010437
A,115.5521456268448
C,108.16149298692338
B,67.39994697952582
C,45.60641271354771
B,78.06796505814562
C,100.3298297396173
A,75.56447330610456
A,86.94477101302574
C,70.8211853880535
B,103.39755919593848
A,101.8165185407265
A,90.37214751904733
C,127.94130602627484
B,129.95430054639127
C,111.30534405072902
C,64.0045763706651
B,77.90619705588782
B,108.14260662166497
B,87.4288483951082
C,90.25817136576353
C,117.9793478917612
A,110.21749643784835
C,126.28308867627898
C,91.41581406707046
C,127.50450840893794
A,88.91737505831028
B,129.98982980277526
A,102.11669287233558
B,82.78980505780784
C,67.37560984692934
C,93.97055370276614
A,94.87534604009122
B,117.15323820244905
B,97.78818994383586
C,91.35136042843111
A,121.54074945895073
A,95.50346877459697
C,88.47516367546194
B,111.49217834585146
C,90.20343562305466
A,113.17604283383025
B,88.0616577643361
A,95.54081634059241
A,103.04353951176533
B,92.51747359471388
B,99.7309706128522
B,116.30943938480121
C,108.21203582640095
C,109.61939700069247
C,87.29139122761465
A,117.05659536548737
B,113.39124681018166
C,120.0883838452325
C,85.47268335627795
B,96.55082806637085
C,112.67067804920801
C,87.82369765165737
A,95.47755060472088
C,138.51611474919054
B,139.03522024535627
B,124.7988109965472
B,118.77170272499536
B,79.61497700989742
B,110.25124462852244
B,92.81766809868229
C,78.82856204789265
B,89.8198832281736
B,102.31330148092692
B,89.05288851402668
C,88.98401148586319
B,115.84082996845949
A,102.88212970246464
A,104.66916159324636
C,102.23744793792596
C,86.48593713256699
A,72.58856164078622
B,106.21129420840957
A,89.85926735749112
A,59.78435462828244
C,92.14865484069695
A,78.15564117318753
C,113.97300468615511
A,110.4325045448068
C,109.93786289676939
B,86.69916763682617
B,114.63103163724308
B,106.39299566268146
C,91.80290923120361
A,90.93325135722966
B,117.85416305747401
B,90.52791886072684
B,106.07312947052557
C,120.67913973625568
B,138.18685251114218
C,133.2774624887546
C,118.0164552841806
A,69.88177296857225
C,86.21903141164057
A,89.0382562505493
C,133.06299665130643
A,86.01364118055818
A,107.72332754196738
A,102.01734126514623
B,81.29745581124912
C,107.63648019238768
A,107.96592172394985
A,74.88450236516996
A,124.4575489410682
C,58.26979942289625
A,88.18485694180076
A,119.43940587731151
A,76.13484333051922
C,107.00531839124059
B,74.0727922344914
A,98.13951711111554
C,53.724537736555995
B,83.14856596573983
C,69.14157105691419
C,91.96472515746999
A,91.69537208356687
C,86.52671657381721
A,115.95826393133491
A,82.26240792257124
A,112.68773346378103
B,132.58551539917724
B,102.78128300609364
B,82.846595908492
C,75.01322970276915
C,85.80429799761
A,114.09285441499782
B,103.11181469937794
A,118.73590432507977
B,115.40661758654424
A,102.81621303756472
A,109.46976523332924
B,137.1049241884096
C,128.3131245234936
A,93.94507966191493
C,119.79358883871781
C,111.7170161163587
A,122.72776155079478
C,113.4323314407182
B,80.5166512991402
C,67.60630869254598
A,111.45254034410172
B,138.05236396739662
A,84.48671784120059
A,96.238205239007
B,79.28504547609575
C,123.5565900941132
C,53.89666289912959
C,54.726793979283826
B,107.50039839640307
C,98.35312706417295
B,90.40753969852386
C,93.97810426953173
C,110.73975828912724
A,91.7239202190067
C,78.06150056533772
A,81.45274143854067
A,117.76677723993686
A,89.5051609007556
B,72.29444832465603
C,102.04356653887942
A,110.09989443560022
B,126.57921495106447
C,104.35806774243338
A,86.80577505580659
C,109.48015734554059
B,114.54349740040873
A,99.22189386672386
B,99.10801214548853
C,105.20265809877536
A,98.60287003487632
C,105.00227813766251
B,79.56173351146143
A,76.99124460362981
A,83.27777240998462
C,112.84421886658852
B,105.17595134681217
A,120.80477928499117
A,96.2661815577078
B,77.127172083163
A,122.89107070569116
B,99.62465888920214
B,125.66910072533051
A,111.9589298278436
B,143.77237357645674
C,95.60454028573275
A,118.01447810178361
B,117.82728212705888
B,88.897473090111
C,96.55035365786078
C,70.76523315566554
C,69.0240772599467
B,102.5313760306155
A,115.86014141394855
C,112.7604806699091
A,106.80049196519305
B,117.26034306302182
A,88.2060440860135
C,94.54934503024481
C,114.75043026827764
C,108.66237458897866
B,95.79622372406476
A,126.4158877225583
A,74.15997497905745
A,89.62642625422815
B,94.33204451087495
A,116.33069759547541
A,100.04770395830471
B,74.7701650641877
C,110.28008359632128
A,121.7509263093379
B,114.78609066266053
B,112.38309843210978
C,62.513730065178635
B,82.00227046513031
C,109.64161217344402
A,98.90223630491224
A,110.45115203997624
B,74.67314646074092
A,98.77010471430228
C,72.20437962207586
A,60.92642874761187
A,105.91558177013775
C,116.8517759291396
C,104.91232855803551
B,99.34007039470667
C,68.75971316341467
B,120.12214134195094
A,99.11910205248117
A,139.19124010411537
B,118.84628616553934
A,59.897491466957035
A,115.10099360511776
C,72.06929524853686
C,84.81009019141872
A,94.98486646479701
A,98.11875099274792
C,107.95130431234932
A,79.54289918391572
A,76.98615991486706
C,112.01210403466152
A,99.73499464131946
A,103.48746097403051
C,56.1263329661068
B,96.45725233369353
B,82.18541633877008
B,81.58747253966261
C,118.43869608449155
A,78.08657542054975
C,78.14206787347939
C,93.37978793196508
B,109.00577661294689
A,82.31970540503828
C,124.68288071560123
C,128.99695050722437
B,82.37105867063073
B,95.09836488846288
A,84.42649054684775
C,66.29235790257545
C,106.06022100912315
A,114.6718973645874
C,140.23728526253123
A,82.05180992737326
C,126.72470181625242
B,126.84707382515907
B,103.95706619134306
A,112.04326979152128
C,117.46546096601406
A,139.481998964838
C,109.55617125232939
C,98.7972422899263
C,82.67662401985055
B,106.10641510024996
A,120.4832986554614
B,104.89220722658943
B,84.40153502149994
A,101.78152404993126
B,97.41693035079773
B,105.29477515511414
A,66.763032655635
B,111.01577228205463
A,111.90846313527446
B,108.89706876373018
A,99.92474365709953
C,63.88127474793157
C,99.61354416057473
B,121.2142999868434
C,82.79742247415078
C,60.21461067677433
A,69.18884056258612
B,106.28051383641207
C,107.45752017704875
C,117.72586389242936
B,98.89482008540695
A,69.9934324804286
B,83.62991718812648
A,116.37678745198696
A,102.80991814878952
C,112.99659269359958
A,108.69577610922079
B,95.90078896539409
A,96.51986324983933
C,137.14204539511718
C,108.29348533218442
A,97.42824899367278
C,109.10839981873619
A,104.45811639248546
B,56.85287253011077
A,113.00169028744628
C,136.41878548179352
A,84.39440263219872
B,129.08071497678333
A,94.86260605336166
B,105.86942795299645
B,121.40720033946349
C,85.59997137418381
A,124.84987825636942
B,75.71565437281322
A,82.49690502172167
A,88.12959365304948
C,113.24010732903804
C,93.18251178861058
A,69.60051080828265
C,95.66934256300343
A,84.31557234931232
B,114.62587241680737
C,93.13529891089793
A,101.41548151801302
B,91.89055085718657
C,108.67877936460577
A,96.32818473058892
A,106.50397429374131
B,48.132228705165794
B,101.94501753955572
C,108.27827340220466
C,96.01439890170816
A,113.38784942785082
B,114.77214057985641
B,126.08427783699005
B,102.09623216144563
C,61.723985906600376
C,54.2900110242071
B,67.96318095850964
A,99.24185877631727
C,96.85389423438869
A,105.52479704039948
C,87.49508154885652
C,85.27017656988504
B,111.10095884820868
B,113.11848822745004
A,94.86699729039039
B,99.23046683522094
C,108.08628686657983
B,110.08687150325989
C,77.12038600802519
C,85.60852288164098
C,75.38907908709227
C,89.86186770326339
A,116.24667178683663
B,110.92543733887531
B,78.03804079274883
B,110.24533453651964
C,101.71686210684904
A,90.12146585828158
A,71.87080689792737
B,96.50353256764465
A,113.59888012231912
C,56.73804703207749
C,92.07753604497101
C,145.08567397609926
B,113.45273437136187
B,105.19664990006952
B,85.25629660858172
C,86.4334032425206
A,98.33423208600074
C,132.0572725875427
A,109.31178381789861
C,82.55683204458354
C,123.53573924767727
A,94.14811585683819
B,133.94692962027898
B,88.66793950724592
A,79.93468486192222
A,103.4925915562714
C,119.64653967600596
B,120.7488959346182
C,103.18383533337624
C,80.23806624062777
C,89.8931855620423
A,59.63436263291567
C,81.7375692486236
A,96.43086370205474
B,107.78004281306958
C,93.21091357070442
A,98.86041890044521
B,92.07629110500366
A,115.0205060837954
A,82.01774123146922
A,116.75095828292653
B,139.2176162502782
A,109.45579312043863
B,89.45816779551916
B,89.2745971182643
B,124.19674444368195
A,77.46821148256005
A,80.92391159454871
A,76.71103092259071
A,74.42972318958627
C,79.10367361240286
A,115.79809883570987
C,122.04565129176049
B,86.05853855279634
B,104.1466809209138
B,115.18313350216468
C,102.01128406194326
B,80.90114484765522
C,70.59196529723837
B,120.20855106251017
B,109.9235882457676
C,111.53911786797308
B,77.8470619819794
A,104.69954385778104
B,112.57999174913644
C,106.2806768729429
C,85.09953566384623
C,120.24521020130672
A,69.44736103642452
C,118.57483849613882
B,121.62111888174147
B,131.44660635070449
C,93.15015619499114
C,80.01139966876958
C,115.8776072461676
B,86.01569441826051
C,100.87991022887978
B,93.65075565679857
B,81.9585605717383
A,106.41998932369783
C,72.15968166883928
B,111.84411363288079
C,80.66137823086531
C,65.36537307064148
C,98.99785082419415
A,108.63267705622447
C,111.53869194106449
B,116.36707461654322
B,52.92719200619173
C,79.89711138086656
A,102.13304589006064
A,130.38006559872292
A,115.67488987349455
C,138.02680103696224
A,89.50121154172002
A,105.48833990564017
A,78.00058384861386
A,91.91295560752
A,85.29408563434053
C,87.32022681366557
C,92.13101757628674
B,100.05435079781361
A,100.44425329032968
C,110.86906879165451
B,102.79976934773718
A,93.1190874230075
C,89.54842916936107
A,93.85736559682631
C,91.01925717106069
A,109.8194211036396
B,117.31050381342524
C,125.48089075894168
C,84.04594480119165
C,109.387444506775
B,36.053203584073245
A,53.73174718252578
C,60.826722820910646
C,48.50410498333005
C,60.72636047258873
A,38.61432129684523
B,41.11354716908363
A,48.64190157356313
C,60.222103545858246
C,45.825705436580115
C,45.46446899091225
C,40.083716416219794
C,52.02881044442621
C,62.466951408944354
B,57.006801090936925
A,56.96650654336265
A,47.93025525076336
B,44.36690640736086
C,56.772459164163706
C,49.68088924365859
C,48.263917642806184
A,58.982406224036154
A,48.0221254832727
C,41.622237406147946
A,59.09188495330966
B,50.80719890433867
C,39.62970656151308
B,38.870941051283836
B,50.95411875826867
B,73.37409661478276
C,46.07179396453792
B,46.637261409144216
A,65.23771197617053
A,49.427188002094844
A,35.51533136752012
B,34.27203547451827
C,62.266639737874804
C,56.66354542250189
C,58.26125708431193
C,49.42243441621287
A,42.732879740172024
B,47.82836884275833
B,51.360312173743765
C,41.61688844301299
A,55.61449909551126
A,37.40403831200278
B,46.67241235424776
C,47.95992127523497
B,43.08980186824631
A,27.94494644980178
A,54.47869664111253
B,42.44249239559733
C,63.257079593243716
C,46.58017722315948
C,44.58640411568779
C,50.91521946778877
A,60.534397486304485
B,44.3659233688183
B,60.14737694829777
C,64.40303641017623
C,59.90322810655945
A,66.26431490992258
C,62.92646021012469
B,65.14882293893005
B,66.04326319415641
C,52.08069529629964
C,45.70776100427802
A,27.377563647561942
A,36.77266880478204
C,45.51717200841205
A,46.18264912759434
B,48.47205536597913
A,39.9923950975125
A,34.042223885586864
C,48.69776833533274
A,48.105820711882096
C,41.92445958450134
B,42.578478383496154
B,40.59843408127593
B,46.034762609836825
B,41.43697173004749
B,62.59875331517016
A,52.40996732045121
A,40.27682081973483
A,47.19552218532546
B,38.19714393648809
A,60.12168295174788
C,63.8418672458082
C,62.52001982753031
B,38.55307368757403
B,49.08732980273824
C,45.98429324487084
C,55.62013105914182
C,39.92090196716102
A,43.24108305998983
B,45.86782971648192
A,51.53288469132424
B,56.94128708137886
C,46.71272307263392
C,56.63965075526222
A,58.220763567971375
A,47.86784763128179
C,37.54341867134403
B,38.2880966456586
A,55.91726975151568
C,45.23775563685331
B,32.87370677317545
A,56.12952368183001
A,51.29554520546219
A,35.94032918857371
A,61.794199812026456
A,58.366359871577494
A,51.387452512901795
C,37.256806322655834
A,35.97669467114717
A,46.92931513158563
A,32.86084610449711
A,54.050802731844854
A,35.89176686619663
A,51.649127292546986
C,47.118685472732736
C,57.117852680970444
B,40.62052404738512
C,52.73729449524724
B,36.051598071653565
A,57.95549551769407
B,48.85038233722506
A,54.95850668965431
B,36.79474653171968
B,54.99084275671767
B,53.06203396303709
C,53.63697892713363
C,53.12633963013986
C,48.06536117209652
B,62.41299220315991
A,48.441020142342964
B,42.60830799609171
C,49.41273806631062
A,40.494820545554695
A,45.36003576669156
C,48.22753383810601
C,46.2044587935414
B,51.993970728054855
C,69.45761391306327
C,55.70949839846121
B,60.72300647288091
C,44.962905626317635
C,44.129837114948515
A,46.218219531070105
B,58.52889097268877
B,28.51881521769102
B,39.668352247086325
C,51.023358468342195
A,47.759076329370714
C,69.67729682143046
C,54.476832157426564
B,43.37808556469519
C,34.22392931460653
C,46.59439965062138
C,36.96779917321585
A,54.66750650418435
A,51.61106322241678
C,53.20031932092731
C,70.79176664795037
A,40.925340185797026
B,48.075957922040935
B,37.87484255511091
C,49.194014838498745
A,65.93273615950027
B,55.68722399120472
B,48.85512954410799
A,52.5163024881989
C,37.891443620564104
C,46.062662883056106
A,50.85252574570387
A,50.99421986708542
A,34.69383755601383
C,53.276231792347815
C,52.7919649251421
C,46.22948793727222
B,50.041749990825004
C,35.16508446631999
B,35.20204384675652
B,51.346872623382374
B,43.32276809083836
B,49.884444797756984
B,58.39490672317605
C,48.26070069694844
C,21.89331945170803
A,48.493463619791065
A,45.189559780059646
A,47.6530564567708
A,58.997308125715534
A,34.21469814058886
B,52.439566239079845
C,65.70303911911232
A,43.74056885031543
B,54.723278861857374
C,59.66305778970802
C,52.10231439102094
C,43.14903019668573
B,42.90478989291999
C,57.43800153765982
B,55.92149090781734
A,42.13531584928774
A,38.23526845638917
B,37.191932858510036
B,66.61651861184771
C,49.32054879609501
B,73.60228585653414
C,55.55545603070543
C,54.39522322833798
A,53.062724883051835
C,59.99149850197365
B,40.339368149559306
C,71.60013108370735
B,48.99698297388168
C,42.96599907807189
C,53.0256100228842
C,60.92338876030798
A,39.92445124217024
B,55.668693724410716
B,42.83555842413523
C,44.93726466825511
A,45.105175812449694
C,57.635414664859205
C,38.909272682056226
A,51.92616110034613
B,46.56582135917408
C,41.52789822041471
C,37.864763972455194
C,37.97111675483997
C,33.66203982347203
A,58.96167193749268
B,47.58346837368779
C,51.58651930066243
A,61.78189364481597
A,37.79882843068447
B,40.584543246842856
A,52.54715536693784
C,31.75920447919633
B,44.21291487003131
B,40.75106926899532
C,53.29522442169536
C,45.74184133636131
C,70.08149279376958
C,59.378913720693944
B,41.46761515724689
A,46.1268656254315
C,46.52415487084556
A,83.06574349110562
B,34.89800356021859
C,52.03539700404613
C,29.155678646384708
B,49.930625587940774
C,69.09890561909012
A,45.915445683258916
B,61.045544214720486
B,49.33884774046796
B,45.77501283174565
A,47.483436410536044
A,44.13097354819999
B,43.739417281101765
B,36.69805587675505
B,65.06800728949443
C,46.06923604206556
A,52.93774310765753
A,41.23468148560214
A,61.1699055941535
A,47.2644422209217
A,49.08967332142195
C,31.710233647040546
B,53.95976211139612
C,68.11505704820246
C,41.30922414000088
C,45.41770846297517
C,38.61676041784984
C,51.29162174240376
C,50.64024197906828
B,57.05081101494469
B,55.5147354680092
A,41.87483953814399
C,52.249480490643734
A,46.71698893277527
C,39.08967022623287
C,48.731441270373864
B,88.01660214967114
A,73.15170634005945
A,51.398265977676516
C,67.38857208010756
B,49.54616635853728
C,49.46861660558519
C,30.504282123702367
A,40.39894434055714
C,42.16500736013524
B,51.0751903166543
A,50.139845348592765
C,44.21057648608133
C,44.11186800466157
A,48.33846864392048
B,36.18588349317717
A,43.87361439631441
B,46.18710130191705
C,37.510510669271255
C,46.69762106735456
B,41.65192836465492
B,62.35382392009477
B,47.56196202860878
B,48.10454331743424
C,54.280281070213675
C,55.56968316840629
A,32.63758195699849
A,46.23215890892465
A,40.90967673747909
A,48.548297558067816
B,44.63667478801086
B,51.57069462857808
B,40.19540754437844
C,44.32232758479813
C,44.08840331077647
C,60.82591370470894
B,53.68003659280543
C,53.688887075856655
C,47.136817191899745
A,46.15282147906446
C,55.61002888497637
A,57.774339337937846
A,50.151467856288406
A,61.41647945476102
B,62.74155027515184
B,33.353019606110855
A,54.303788847830496
C,49.57398071508963
C,53.88288813968243
A,61.15976528026742
B,40.7946183690856
B,33.79725897577438
B,61.06191472851045
C,40.01515355069587
C,43.13780486078964
C,52.0462089341965
A,43.138981788386445
C,34.077893716844024
A,50.34189767415725
A,42.18515341038141
A,55.97859877870269
A,44.93923443921345
B,43.11553861279202
C,47.899994608897906
B,60.5215347683867
C,59.079040816376846
A,39.0677381754028
C,77.99707649086918
C,46.742236754149715
B,38.47584271040499
B,58.882319900487786
B,46.38327542645648
B,71.5371950783965
B,58.47408355481534
B,48.01280153691232
B,65.75306877732204
C,58.49115211470445
A,37.711048030651106
A,58.88394109572404
C,44.835125580515495
C,49.166737147533254
A,51.310544492174614
B,41.20903987733739
C,36.666577211092985
C,53.67784010920297
B,36.11766501330138
A,24.247973732307344
A,41.6389439562857
B,53.31092421488398
C,47.301188664300355
C,62.67130940620071
C,51.83753495431689
A,42.33690348052919
A,45.60416449520506
B,35.63458640730822
A,60.85797224705931
C,36.18899913917042
C,40.79592367880731
B,48.39713779571372
C,50.02353264490822
A,34.973496364902104
C,40.94464204780505
A,52.650406022393184
A,61.29723358996994
C,53.49003562090175
A,49.74190238409146
B,34.37591266129869
B,43.826576534479095
C,55.21494241311054
C,60.809466698548874
C,58.893759081552545
C,51.38071644445607
A,62.04600466649178
A,78.81460713163963
B,44.06138084617312
B,42.36884204654964
A,65.18482925779722
A,52.3546452538542
C,51.1230768842727
A,53.92374327659125
B,43.4551349481504
A,39.65204715249411
C,42.228524904516895
A,62.459462568310144
A,35.63359335315418
A,54.9865464564855
C,44.423125399744904
A,46.466331112846554
C,57.429509766083335
C,58.43988913357895
C,53.42976537866936
A,31.26880337633994
A,65.70964708675791
C,63.1019651719956
A,50.914368331911476
A,50.10257816959412
A,68.01449208620156
A,59.47224271293727
B,49.707055964250806
A,47.07661324148856
A,48.06462888988973
B,61.77232054397166
A,60.399917847066874
B,33.86576988501197
A,54.646423988660636
B,58.64121331377608
C,34.93536834028282
C,49.97035248561677
A,32.22956393623481
B,51.294928359413866
C,29.16765498087052
A,43.18254476292083
C,43.88934085504865
C,42.91150179857394
C,64.51528016974567
A,55.35510569739104
A,46.004311396766
A,40.669221591058985
A,47.612236831547676
B,39.70887031700685
B,59.73080004149665
C,69.96766001547786
B,60.531998980821115
A,53.31690345545149
A,48.34371216706854
C,45.94893710538539
C,67.45284572687595
A,44.24064392478465
C,65.6109855689575
A,38.68460757979851
C,47.03768345601793
A,32.85943407279214
B,51.5923420122828
A,37.36272378123793
C,66.65049406790442
C,54.122722716610696
C,55.37396746876818
B,52.8267844916477
B,39.074591856088624
B,51.24118287733827
B,68.37080687867744
B,50.08554926006311
C,39.82983798375187
A,31.476573433049637
A,42.86673009607923
B,32.37771102459122
A,58.305173690425974
A,57.811672661822456
C,41.24318172779449
C,56.13981308469426
B,44.23545347043018
C,49.54385717225141
A,53.71955551564979
C,45.560399909605074
A,54.18203348653117
B,33.142719495324485
A,51.1747498798797
C,49.65047977612266
A,29.5360686375189
C,31.903098072685125
B,31.404763943730728
A,54.14306833923951
C,51.23959626871661
B,52.739575771740405
C,36.736215074918384
C,61.38973810666265
B,59.8284121981739
C,42.330369649766716
A,61.760602764537964
B,47.4907760321884
A,32.237949759899685
C,33.673052338491075
A,57.337234878550056
A,48.95951189331021
A,58.81224946453931
B,49.116268752675865
A,52.676708933607785
B,71.23526422980174
C,63.96849087631401
C,45.67172731389589
B,53.74968724703126
C,54.944454430617895
C,57.61391167496107
C,50.7100880518803
B,45.06468149504964
B,49.963771827634986
A,45.19712890521624
B,66.83367281239794
C,62.407262388353224
C,47.96384981120612
B,54.282922606938115
A,48.345407357643104
C,61.93241135968212
C,60.48880516417992
C,55.68610832710887
C,58.71264269614526
B,56.60570808041579
A,61.74061853808299
B,55.31131373329198
A,51.519005291145234
B,44.22774376400762
A,34.28249262506818
C,49.721516194932875
C,42.58944466595871
A,50.60009066957124
B,61.4048842418709
B,51.72824675440353
C,45.84998328890376
A,41.46871375138359
C,35.69864792576068
C,63.32805335357488
A,32.23308981070751
A,40.65216973768939
C,26.86798066302933
C,46.83858424250284
B,46.577154402394186
B,45.95705579370507
A,49.36870100023597
B,41.787349255822406
A,40.86344359511266
A,68.17826413261076
A,46.659370516366295
B,59.07658624946765
C,41.63228957347012
A,66.12728594752087
B,65.14182131007797
B,52.31018682217276
C,39.00468407030517
A,50.870013857276604
C,50.47304500041057
A,52.39623914089497
B,40.21779383800329
B,34.769998638207056
A,51.62363037382035
B,49.897086836662815
B,50.020750219193665
C,60.268005788509676
C,35.24839516968635
B,60.10693715987805
C,42.56772459982682
B,46.04777934149941
B,41.7422063674873
A,50.896198578392514
B,30.941821252000725
B,44.319142797128066
A,44.84243454714647
A,62.63930202363195
B,51.506981437872184
A,56.955183114963035
C,50.05938814386503
A,39.510996285372855
A,59.07204868183248
A,41.54558657932432
C,44.737566592272415
A,51.82099778809567
A,59.45538789447106
C,47.986154567172555
A,65.10524731983276
B,44.28521584947901
C,56.65589286954632
B,50.03616300950703
C,65.4667183821242
C,52.14406013260982
A,31.22687181943903
B,60.883352098095074
C,49.184514866594725
C,44.46938088931617
A,62.229647619208386
C,46.68691363970498
C,55.999867431623414
C,42.31616680702322
B,41.638698731720126
B,68.10581760583611
B,42.12967262737314
C,44.15229063582532
C,32.916792081323166
B,66.29982244007823
C,53.979983232950985
C,52.37779633452597
A,59.751384105786286
B,36.70663430665733
A,44.58953218080329
A,49.085622687504895
B,34.51528949271539
A,63.11427126349951
B,49.815709498066326
C,46.767113637445
A,52.36225489568284
A,42.47417715663201
A,50.45113003812966
B,84.27538547002493
A,56.04682030245801
A,66.68311059634325
C,46.449168775440796
B,42.48431009869062
A,53.097035893716594
C,36.58295056575965
C,26.930422345542055
B,57.31592505022139
A,56.413381449722294
A,58.33851221753072
B,50.281698731899965
C,69.78372699879662
A,49.12671812942385
C,44.460352592094225
A,19.935012849926736
B,49.528341323467586
B,58.31877785059679
A,50.06861198539498
B,61.242217344467605
C,72.94881166255391
A,48.266497916228005
C,62.312535595933085
B,34.141474248199756
A,60.31319104356626
A,50.63490480386769
A,47.78609501652936
B,48.366010799935104
C,48.43696531661357
B,46.9119709065475
C,51.98672970149665
B,48.25707865933598
B,38.442075210367975
A,54.17053888992124
C,43.92132051610532
C,60.4798661479213
C,49.66173033427619
A,51.2702395332119
A,29.507680867553336
A,37.43319871831878
C,59.3961439350745
C,42.661832739738216
A,44.6756234100105
B,47.22060032731721
B,63.63742592827342
A,53.741379978015836
A,63.10264603383328
C,47.322522024688084
A,52.13176263766391
C,37.96756544624024
A,61.78031235143372
B,51.08648203694853
A,50.44129098796275
A,53.3831553922566
B,64.46792073920322
A,47.8550489351141
C,66.63038957754907
C,41.484774155962086
A,54.22184607969092
C,70.09218561174876
C,45.10185268741399
A,52.452558534434196
C,58.77505062836434
C,48.62100301101293
B,34.9964672383567
B,39.44040640931044
B,55.809325888538346
B,58.915153199892444
C,57.845553343209964
A,61.464320138678445
C,50.71985194936022
A,52.082331707110065
B,34.81131340842471
B,53.17328953702337
C,56.126807853910975
C,44.16788705184014
B,56.44001698894911
B,31.84111155482176
B,57.51099597794537
