"ID","WaterTemperature","OxygenLevel"
1,15.7515504024923,10.501097856826
2,25.7661027088761,6.36460514140987
3,18.179538436234,9.30061389135298
4,27.6603480800986,5.78946522570506
5,28.8093456858769,5.4662348124632
6,10.9111299877986,13.3765186495137
7,20.5621097609401,8.25609604119524
8,27.8483808878809,5.7352898234827
9,21.0287002893165,8.06571461946875
10,19.1322947060689,8.86794060728099
11,29.1366669069976,5.37750216232347
12,19.0666831238195,8.89708035950513
13,23.5514127090573,7.10988944282846
14,21.4526680391282,7.89653398922192
15,12.0584936533123,12.6307289057495
16,27.9964994080365,5.69297158769978
17,14.9217546870932,10.9459507709012
18,10.8411906706169,13.4233777631523
19,16.558414385654,10.0858818601265
20,29.0900729829445,5.39004471318447
21,27.7907863212749,5.75182970382065
22,23.856068123132,7.00240683450377
23,22.810136275366,7.37835353767965
24,29.8853955324739,5.17990933380397
25,23.1141159823164,7.26705798264282
26,24.1706093633547,6.89314101529325
27,20.8813204942271,8.12537031902972
28,21.8828404089436,7.72850397676131
29,15.7831947458908,10.4844959768471
30,12.9422729462385,12.0847422073168
31,29.2604846507311,5.34431349274704
32,28.0459809023887,5.67890415973612
33,23.8141055684537,7.01711420205996
34,25.9093483537436,6.31918290064714
35,10.492273690179,13.6596146699986
36,19.5559194218367,8.68208197275773
37,25.1691907504573,6.55742366677371
38,14.3281587166712,11.2756935284593
39,16.363620152697,10.1845953814296
40,14.6325157070532,11.1054007524354
41,12.8560004476458,12.1369838469836
42,18.2909267162904,9.24895889964978
43,18.2744865259156,9.25656475751926
44,17.3769090184942,9.68145189012461
45,13.0488949548453,12.020488656179
46,12.7761212689802,12.1855553938575
47,14.660681989044,11.0897718677472
48,19.3192490050569,8.78543186121422
49,15.3194528073072,10.7304413619533
50,27.1565543068573,5.93715233934158
51,10.916623333469,13.3728450620035
52,18.8440014841035,8.99669470975473
53,25.9784969128668,6.29737250668567
54,12.4379851995036,12.3933256000803
55,21.2189596751705,7.98934952924667
56,14.1306277923286,11.3876102020709
57,12.5506330048665,12.3237177668404
58,25.0661572860554,6.59129253643922
59,27.900907183066,5.72024690953073
60,17.4892555177212,9.62722048906447
61,23.3023038925603,7.19900005399306
62,11.8968132184818,12.7332498251824
63,17.6793927559629,9.53612951400742
64,15.4876728914678,10.6405660750636
65,26.2928007775918,6.19918164585777
66,18.970326827839,8.94004826752899
67,26.201287060976,6.22761214839715
68,26.2477901903912,6.21314879700661
69,25.8868464222178,6.32629659273851
70,18.7966337520629,9.0180276132775
71,25.089503172785,6.5836030468133
72,22.5844226311892,7.46209494154646
73,24.2036480270326,6.8817634070205
74,10.012495466508,13.9912559052674
75,19.5063314819708,8.70363500892177
76,14.4023777032271,11.2339275447944
77,17.5963307544589,9.57581636890517
78,22.2554200654849,7.58586256624661
79,17.0359581848606,9.8479116785103
80,12.2227084869519,12.527445848945
81,14.8723894543946,10.9730016117897
82,23.3611117489636,7.17786325639478
83,18.3529355935752,9.22032742984678
84,25.7639166805893,6.36530083977326
85,12.057292885147,12.6314872573731
86,18.6978548299521,9.06267733616284
87,29.6991395996884,5.22837409701031
88,27.8610222879797,5.73166586423426
89,27.7293812157586,5.76951642679806
90,13.5010530054569,11.7517795400811
91,12.613913831301,12.2847866369196
92,23.0620385007933,7.28600514383929
93,16.870329445228,9.92980516832838
94,23.1351625593379,7.2594146702097
95,16.4074648497626,10.1622928116352
96,13.7538223853335,11.6041896583636
97,25.6458860263228,6.40297693491452
98,11.8718997342512,12.7491211893408
99,19.3355808313936,8.77826068220146
100,20.2301091980189,8.39429131717068
101,21.9997791852802,7.68344773576602
102,16.6564708063379,10.0365536089991
103,19.7722606733441,8.58867346242462
104,29.0894765499979,5.39020545559379
105,19.658047943376,8.63786056573425
106,27.8070044424385,5.74716740086856
107,28.2887637382373,5.61038386710945
108,22.1746996464208,7.61654113453959
109,18.2137955306098,9.28469692657718
110,12.9418938187882,12.0849712923631
111,28.7059960654005,5.49455458505386
112,16.0245779994875,10.3587174369038
113,11.2144114309922,13.1752063700498
114,28.9545388007537,5.42669552397293
115,24.4119254685938,6.81046947050596
116,12.8458859119564,12.1431233971343
117,20.985693121329,8.08307745812012
118,29.0818247711286,5.3922680831482
119,21.7096670623869,7.79571307233552
120,18.0902056349441,9.34224930195915
121,22.9578695865348,7.32405290493117
122,16.3964123418555,10.1679103047597
123,16.1544002173468,10.2916956116894
124,14.3953526252881,11.2378741987207
125,17.3897773167118,9.67522470316681
126,29.6843840694055,5.23223289191533
127,13.0840460164472,11.9993805640468
128,11.8208799976856,12.781685547532
129,12.8381381556392,12.1478284064577
130,23.8001420302317,7.02201509982615
131,22.3851296678185,7.53682379727262
132,27.8278823429719,5.74117109170454
133,23.4599818522111,7.14246701516774
134,24.7415547585115,6.6991428922896
135,20.4227145155892,8.31384006516485
136,23.1967689935118,7.23708774232284
137,26.4361092029139,6.15492066153435
138,25.7256310340017,6.37749749288626
139,29.596438347362,5.25529117667705
140,18.7886307248846,9.02163691136631
141,16.2340440414846,10.2507936057761
142,18.1894990522414,9.29598305241864
143,10.2093422366306,13.8542246885337
144,13.6769904801622,11.6488539945566
145,26.8545863777399,6.02747395917721
146,14.6232356410474,11.1105548907117
147,14.7819991130382,11.0227065163355
148,11.5338233066723,12.9664618251034
149,14.9144735606387,10.9499364389474
150,24.6427041105926,6.73233558346456
151,26.9490633020177,5.99906824407281
152,19.9505453417078,8.51245225398312
153,17.7581805968657,9.49863685887896
154,14.9289798829705,10.9419971531666
155,12.2219292260706,12.5279339658788
156,17.7998887049034,9.47884899029823
157,21.4387062797323,7.90204838914706
158,14.3378552561626,11.270228093082
159,18.8953600404784,8.97362148499987
160,14.3598133744672,11.2578612330593
161,20.045991265215,8.47192509137655
162,17.0780914369971,9.82718728853524
163,22.9997031763196,7.30874934434329
164,17.4942791322246,9.62480262051433
165,17.1089076157659,9.81205712985654
166,20.6737589091063,8.21013514342322
167,24.8066872078925,6.67736179867272
168,14.4220587564632,11.2228782059487
169,18.254922372289,9.26562403047058
170,15.3137337369844,10.7335102081433
171,22.5994610693306,7.45648613784274
172,13.6765698157251,11.6490990100637
173,27.2728822287172,5.90271974355182
174,24.9313600827008,6.63586697045021
175,23.3656929945573,7.17621926696917
176,22.3603574652225,7.5461647672903
177,17.4447612045333,9.64866215920906
178,20.5967137170956,8.24182371246038
179,27.4936468573287,5.83792243869729
180,21.6350019956008,7.82487083699148
181,26.7953552957624,6.04535110839273
182,16.2489632982761,10.2431497460422
183,24.1658064443618,6.89479657396831
184,15.3003561217338,10.7406920482656
185,21.8868638807908,7.72694936223168
186,19.6257960097864,8.65180118828015
187,15.3006546292454,10.7405317405991
188,21.2918086955324,7.96030164977496
189,28.2637644605711,5.61740102900067
190,28.0374877899885,5.68131625042073
191,15.4833324300125,10.6428755740074
192,16.4296551281586,10.1510238589895
193,29.7128176875412,5.22479961144149
194,22.3998662037775,7.53127250894754
195,28.7462817830965,5.48349812048852
196,19.3306540464982,8.78042337867586
197,18.1366518652067,9.32057886134288
198,23.1846064841375,7.24149013816712
199,13.0469323368743,12.0216682954105
200,21.4573411643505,7.89468913015405
201,14.7745205368847,11.0268289945492
202,29.2471787286922,5.34787022669075
203,22.0273145195097,7.6728766992894
204,20.3005945449695,8.36475965967044
205,18.0514668440446,9.36036221021237
206,27.6049308246002,5.80552928475941
207,17.2818372957408,9.72758306300676
208,15.7647856138647,10.4941509431874
209,13.412904702127,11.8036888203044
210,13.4434349276125,11.7856841019412
211,19.6408521104604,8.64529051973456
212,15.0592985702679,10.8709315985787
213,14.325095792301,11.2774204905197
214,23.4875277616084,7.13263649902076
215,10.9532725485042,13.3483622870012
216,24.0170617494732,6.94626595228708
217,17.0377727691084,9.84701822577179
218,18.1788799585775,9.30092010871586
219,26.419026479125,6.16018004781086
220,28.3771469630301,5.58564537813003
221,15.6505666021258,10.554253980058
222,29.2220958741382,5.35458142676598
223,24.5678885653615,6.75756691430399
224,23.7275016400963,7.0475655674564
225,11.0568788554519,13.2793923582114
226,17.9044026928023,9.42944457360776
227,19.5569075969979,8.68165301246737
228,21.2050652736798,7.99490181916743
229,23.9652318973094,6.96429049430317
230,28.3136707684025,5.60340131586643
231,22.3670245474204,7.5436496414882
232,18.5684301750734,9.12151419867887
233,20.8416073443368,8.14152055060712
234,11.1695697717369,13.2047794160058
235,15.2171371411532,10.7854766289789
236,17.9430390661582,9.41124618021111
237,13.9548947336152,11.4881100627889
238,26.6385512566194,6.09293416864639
239,13.0577444564551,12.0151710660307
240,26.0683708405122,6.26913751389021
241,20.9365231310949,8.10297414808359
242,23.246352840215,7.21916783249332
243,13.4339698776603,11.7912630263944
244,22.6611071964726,7.43353834744671
245,16.2373949354514,10.2490762835218
246,24.4910869281739,6.78356641257645
247,17.9787964932621,9.39443511523764
248,29.3871282227337,5.31057926351668
249,29.3479674123228,5.32098777972502
250,24.5340507803485,6.76900964631494
251,15.1443349290639,10.8248084995796
252,14.4357586931437,11.215193202311
253,21.8609130335972,7.736981913763
254,15.3504286427051,10.713835005898
255,20.6214079773054,8.23165370530455
256,25.7058334257454,6.38381357830614
257,13.3612162107602,11.8342340175662
258,18.087983620353,9.34328729033185
259,19.4315255526453,8.73625014129828
260,27.3621361376718,5.87643639393622
261,28.514159116894,5.54751108361621
262,27.6395511860028,5.7954885015566
263,23.4837368503213,7.13398858676836
264,29.0033395867795,5.41347031519457
265,20.3288978850469,8.35293049989726
266,21.5303804259747,7.86591059796617
267,16.7266241181642,10.001410406583
268,16.9464926281944,9.89206280002003
269,10.4004860110581,13.7224479591703
270,20.0562609126791,8.46757602385531
271,27.4208682728931,5.85920492449882
272,10.1260156789795,13.9120663411204
273,11.4411424798891,13.0266883836275
274,13.2842244999483,11.8798787139372
275,25.4066814854741,6.48001778747777
276,24.7036861162633,6.71183928064907
277,29.4375127134845,5.29721755956039
278,19.3294475367293,8.78095307798199
279,11.4876902662218,12.996405461996
280,22.9763624863699,7.31728388604525
281,25.1718633901328,6.5565474437877
282,12.7421216201037,12.206288241841
283,17.9316918924451,9.4165872474815
284,14.4997065840289,11.1793910720226
285,11.1591712106019,13.2116467364089
286,17.917853766121,9.42310489821697
287,11.2985659996048,13.119885149585
288,14.517728658393,11.1693218185625
289,11.0925821820274,13.2557075810302
290,23.4056407911703,7.16189986505738
291,15.9548356523737,10.3949025544689
292,12.0144316460937,12.6585863442594
293,11.4380819443613,13.0286819682899
294,27.608811375685,5.80440296138361
295,25.0849480414763,6.5851026764002
296,26.3321177521721,6.18700696321135
297,29.6428074734285,5.24312112703822
298,12.0719928992912,12.6222065163992
299,11.9808365870267,12.6798675106036
300,25.9766322234645,6.29795966624578
301,25.6915053306147,6.38838861131048
302,10.1885981019586,13.8686018384188
303,25.5813176557422,6.42368182833958
304,24.587813038379,6.75083821852104
305,22.6026370562613,7.45530214672759
306,19.6182165993378,8.65508058725499
307,13.1327370274812,11.9702029970169
308,10.1643103966489,13.8854538945176
309,19.0491678845137,8.90487549693033
310,19.8458665749058,8.55712270341691
311,17.7917422307655,9.48271073664309
312,19.2933188378811,8.79682963411522
313,24.2655800143257,6.86048630316182
314,11.1060385266319,13.246791912215
315,17.0956619502977,9.81855764352455
316,26.0562454583123,6.27293945069315
317,26.7141767404974,6.0699386175506
318,14.7549880994484,11.0376032972755
319,17.07972205244,9.82638610302863
320,27.1377084031701,5.94274952608665
321,27.0752674760297,5.96133205826477
322,15.9179091081023,10.4141126745642
323,12.9409664915875,12.0855316414837
324,24.0798412263393,6.92449599069943
325,12.0761337643489,12.6195934442223
326,10.6745554599911,13.5356853424422
327,29.9880905589089,5.15337995667154
328,10.6974960817024,13.5201683915038
329,16.7678256751969,9.98082793054998
330,28.3012752328068,5.60687525031057
331,22.3447053926066,7.55207273473261
332,15.7257069740444,10.5146758460359
333,24.7559480601922,6.69432348744376
334,26.6810861835256,6.07998981273082
335,16.2854156084359,10.2244974256321
336,19.8513309564441,8.55478505361063
337,23.9474753243849,6.97047633648228
338,22.8292470797896,7.37130659146473
339,22.8784582996741,7.35319133797208
340,29.5570680964738,5.2656464722035
341,18.2947066891938,9.24721102412675
342,12.3880955995992,12.4242790932482
343,20.5205932026729,8.27325207614049
344,14.5014670165256,11.1784070871624
345,19.7282352810726,8.6076002722014
346,17.4042959697545,9.66820369033764
347,29.6670036157593,5.23678179724221
348,17.7663823030889,9.49474240601063
349,14.5848968066275,11.1318736037621
350,22.4659509258345,7.50642847430506
351,12.7308039413765,12.2131975390255
352,29.3493898864836,5.3206093448017
353,20.3014361578971,8.36440767258312
354,13.2614065846428,11.8934401518765
355,22.438045903109,7.51690913704123
356,29.719083304517,5.2231630381514
357,23.3754303492606,7.17272624773581
358,18.3783179381862,9.20863317569359
359,16.4668998634443,10.1321378397418
360,26.705106399022,6.07269206267036
361,12.8763408726081,12.1246465512325
362,13.8563189376146,11.5448723121757
363,27.9347736528143,5.71056887741707
364,16.162391086109,10.2875844535885
365,17.2660108702257,9.73528375290424
366,25.6789295747876,6.39240681524211
367,13.8675735983998,11.5383774586973
368,10.3553162375465,13.7534749763823
369,18.1321573257446,9.3226736821905
370,19.6633533854038,8.63556948620366
371,18.4368990035728,9.18170006210223
372,16.8561760336161,9.93683468631523
373,27.3296662932262,5.88598449125018
374,19.1021610191092,8.88131186519586
375,20.675297472626,8.20950357699498
376,29.2768666381016,5.33993776126402
377,25.4918308416381,6.45248796560007
378,14.1775269713253,11.3609380084321
379,16.1757366545498,10.2807220602858
380,29.4268490048125,5.30004271189985
381,21.6980018699542,7.80026132326909
382,25.2164725074545,6.5419396511549
383,17.4541878886521,9.64411548627727
384,25.3838782245293,6.48741027782583
385,20.753543660976,8.17744820499164
386,28.2799089932814,5.61286834296627
387,13.7059288378805,11.632011247336
388,15.6443683477119,10.5575253845226
389,11.8992482637987,12.7316996175372
390,14.2097415821627,11.3426533283972
391,29.541979925707,5.26962041966349
392,15.926043507643,10.4098779081368
393,24.5196605380625,6.77388178332789
394,25.7137566851452,6.38128504864707
395,12.108354922384,12.5992789168208
396,14.791892580688,11.0172552252343
397,15.4108974477276,10.6814912851891
398,12.0211698813364,12.6543222359825
399,12.3582768253982,12.4428167477121
400,29.8247311171144,5.19564499517435
401,29.7210859460756,5.22264005816699
402,12.7413494279608,12.2067595309328
403,28.1061916332692,5.66183332031939
404,21.5260367514566,7.8676191312636
405,17.9089771816507,9.42728807578659
406,18.9960496826097,8.92855748034776
407,24.130038022995,6.90713840633007
408,11.6500549158081,12.8913247330709
409,16.7862516036257,9.97163686399304
410,23.6157510243356,7.08705427649597
411,16.3389849616215,10.1971480834602
412,26.6313719609752,6.09512171003492
413,14.3034416530281,11.2896372446057
414,19.9589787237346,8.50886357256217
415,15.5209934525192,10.6228533525307
416,13.8404663745314,11.5540267305521
417,29.0124252811074,5.41101161688452
418,16.4345107553527,10.1485596787553
419,19.5691276760772,8.67635010836248
420,10.5598514387384,13.6135382570628
421,20.9491893602535,8.09784406635352
422,22.8848044108599,7.35085849961286
423,21.9252708926797,7.71212514882984
424,16.4387475140393,10.1464100565303
425,27.8222862491384,5.7427777230727
426,22.5251389481127,7.48424677997119
427,16.0580983059481,10.3413706085883
428,17.764093275182,9.49582915471623
429,13.2095018494874,11.9243465322754
430,27.2510379506275,5.90917029818148
431,29.0620242757723,5.39760920559072
432,21.2728936690837,7.96783367673802
433,16.5909482678398,10.0694885525809
434,29.9323443742469,5.16776405736215
435,14.6963935159147,11.0699879015923
436,22.2534393053502,7.58661389215886
437,12.1635705884546,12.5645430091706
438,19.7406513988972,8.60225828158425
439,11.9889164669439,12.6747459548695
440,13.2233152538538,11.9161135847057
441,15.6598574155942,10.549352238424
442,21.677446719259,7.80828222168051
443,24.6341531770304,6.73521458658945
444,13.3104182220995,11.8643299860251
445,27.3293552640826,5.88607602759773
446,24.1714827436954,6.8928400051733
447,25.2079907245934,6.54471460510779
448,12.9416821710765,12.0850991808658
449,17.1611392684281,9.78646556365138
450,23.4666496282443,7.14008619354031
451,20.4764520330355,8.29153179208867
452,16.9960358552635,9.86758888977319
453,14.8106140317395,11.0069471003423
454,11.1638359259814,13.2085656671447
455,14.732394842431,11.0500791130891
456,27.8015582635999,5.74873261904436
457,26.2365483213216,6.21664214897408
458,24.9503264436498,6.62957704093988
459,13.0982345156372,11.9908709228091
460,12.4948417721316,12.3581435312166
461,29.4945161696523,5.28214106961896
462,18.722599921748,9.05147143074128
463,19.2803325364366,8.80254340300182
464,13.3059616247192,11.8669740076944
465,21.6987311467528,7.79997690097436
466,15.4155603889376,10.6790012171815
467,14.6019384078681,11.1223923961589
468,23.824156629853,7.01358861574674
469,15.6570479925722,10.5508342221618
470,26.207961323671,6.22553425915384
471,11.8783321417868,12.745021471492
472,26.4406014233828,6.15353835375196
473,18.5485656140372,9.13057844314177
474,25.1177451945841,6.57431289463581
475,23.2477101311088,7.21867792357924
476,18.8905479386449,8.97578084378588
477,22.5429236888885,7.47759446870613
478,10.0093069812283,13.9934866287533
479,14.3448702804744,11.2662757400652
480,24.09744491335,6.91840383919459
481,14.303329763934,11.2897004041466
482,26.2786744255573,6.20356178367265
483,16.1552774859592,10.2912441925134
484,23.7548537133262,7.03793387864939
485,28.6536215804517,5.50896216488035
486,12.315593296662,12.4694002708971
487,12.5541137577966,12.3215731626305
488,23.5644771484658,7.10524662339804
489,18.578971917741,9.11670763275863
490,26.6880195587873,6.0778824354849
491,29.4287613360211,5.29953596427273
492,11.409779554233,13.0471321618215
493,19.1957038640976,8.83986969724606
494,24.0317023685202,6.94118293129809
495,11.7388033587486,12.8342472153745
496,29.8588803224266,5.18678120722723
497,15.0619798805565,10.8694742792319
498,10.9907687129453,13.3233601120994
499,23.726498936303,7.04791890735012
500,25.7385470531881,6.37338022849704
501,17.0721215195954,9.8301211011991
502,17.3288288991898,9.70475415639154
503,15.7420026138425,10.5061121667664
504,11.5994582464918,12.9239789252176
505,17.3090853914618,9.71433918109762
506,13.5602762922645,11.7170320614586
507,20.7210744125769,8.19073476704247
508,20.0789742404595,8.45796514077996
509,28.9007020695135,5.44132297992309
510,16.826425679028,9.95162690320012
511,19.2942754831165,8.79640887192049
512,11.6506236325949,12.8909581626438
513,27.2021369216964,5.92363620129891
514,17.9132127994671,9.42529176771727
515,24.7179870074615,6.70704173191942
516,13.434868119657,11.790733467904
517,19.0952326264232,8.88438905897368
518,25.4040951887146,6.48085580411087
519,11.2529999669641,13.1498102816277
520,26.3016299018636,6.19644558257152
521,16.0228504892439,10.3596122150709
522,17.2934205597267,9.72195083602536
523,16.2422558385879,10.246585597856
524,10.7473992975429,13.4864754495661
525,20.3760984679684,8.33324058398904
526,23.5802683141083,7.09963883121072
527,28.0646712053567,5.67359961674647
528,10.510533968918,13.6471489429887
529,29.7815654147416,5.20687078832266
530,16.0577524919063,10.3415494196926
531,28.7827680120245,5.47350363140332
532,23.7521516345441,7.03888479547439
533,18.9407398970798,8.9532834843051
534,26.3295627757907,6.18779739653186
535,10.7899839570746,13.4577901509802
536,24.7806337103248,6.6860658982168
537,16.9743898743764,9.87827435318905
538,26.5850164694712,6.10926521256082
539,20.7108278339729,8.19493219256267
540,15.490907272324,10.6388454320372
541,26.0189642384648,6.28464349757031
542,11.8328938959166,12.7740099596366
543,26.6421554842964,6.09183625147972
544,15.5371014494449,10.6143011525061
545,25.0622019916773,6.59259619045904
546,29.283051402308,5.33828670376569
547,11.6293312003836,12.9046894633074
548,27.0872949296609,5.95774815375838
549,26.0447643417865,6.27654150192313
550,17.7034720918164,9.52465523945072
551,16.5519479801878,10.0891433574317
552,14.0987740596756,11.4057615474832
553,21.3876532530412,7.92224533042088
554,27.7611038088799,5.76037247935252
555,20.5942818289623,8.24282593305551
556,21.7391731357202,7.78422050785138
557,23.3147028507665,7.19453843208276
558,20.5978491716087,8.24135581494588
559,20.1968579879031,8.40825894218225
560,10.3232096182182,13.775571587099
561,10.9541996987537,13.3477435044727
562,28.5870136506855,5.52733977851211
563,25.3857107739896,6.48681588004768
564,14.0216123219579,11.4498509622409
565,23.0052300076932,7.30672991212378
566,23.0753336474299,7.28116332799474
567,17.9050752287731,9.4291274969059
568,26.2460965709761,6.21367495475567
569,20.9404683532193,8.10137590408032
570,27.7026530308649,5.77723201633246
571,21.0662797512487,8.05057358794395
572,28.1209622323513,5.65765343049409
573,21.7492273403332,7.78030828400432
574,18.469273019582,9.16684965928413
575,28.991706459783,5.41662001050932
576,24.1807580692694,6.88964407955298
577,18.2661081617698,9.26044331337524
578,10.3672816744074,13.7452491204542
579,21.3346816552803,7.94325584179779
580,19.8012690618634,8.57622531329239
581,27.5734804244712,5.81466577748377
582,26.2570537580177,6.2102716671675
583,27.0819995505735,5.95932578935267
584,17.3579189553857,9.69064882481167
585,27.4789982568473,5.84219987463963
586,13.0267634289339,12.0337976063134
587,15.6362333940342,10.5618205069766
588,23.3341031568125,7.18756300339388
589,29.5476715359837,5.26812100173943
590,21.65479473304,7.81713088679458
591,20.531801590696,8.26861688411347
592,11.2156444974244,13.1743940998541
593,29.3807772733271,5.31226589230598
594,12.4047425715253,12.4139420645873
595,11.7672660201788,12.8159953642014
596,27.6152822980657,5.8025252731079
597,20.1674125948921,8.42064728388881
598,16.7498999461532,9.98977762155003
599,27.8866925090551,5.72431392689672
600,10.6394325615838,13.5594768520548
601,14.7445939481258,11.0433411140852
602,23.7298070220277,7.04675324775901
603,14.5163684664294,11.1700814654827
604,16.3698917627335,10.1814021915862
605,13.4796763351187,11.7643469509755
606,26.0285916738212,6.28161897563791
607,12.925641159527,12.0947959297644
608,26.4543478330597,6.14931035395516
609,16.6199565725401,10.05489419947
610,17.4833877570927,9.63004541471126
611,22.5949084758759,7.45818364853663
612,11.9326748605818,12.7104385201656
613,10.4398743063211,13.6954493620172
614,29.8608956066892,5.18625859163112
615,21.6787769133225,7.80776291241739
616,25.6364613026381,6.40599496037865
617,27.8379224520177,5.73828971580769
618,25.0973090715706,6.58103400123726
619,29.5840746024624,5.25854093502722
620,10.8829413587227,13.395385228092
621,28.0680176941678,5.67265036428345
622,27.3100162809715,5.89177031644236
623,25.5081518273801,6.44722456528488
624,17.5363283371553,9.60458811316927
625,10.8421609736979,13.4227265417095
626,17.2882216330618,9.72447834999193
627,15.4750253958628,10.6472970287155
628,27.0093496143818,5.98101238566948
629,17.2480342490599,9.74403806203574
630,16.0895558120683,10.325117707372
631,25.1827067881823,6.55299364456808
632,26.8966924864799,6.01479763392994
633,19.158431221731,8.85635932286111
634,24.592633289285,6.74921137787144
635,12.081572720781,12.6161620398782
636,14.3996635545045,11.2354521757487
637,29.079024954699,5.39302300402657
638,25.0407508248463,6.59967092785166
639,26.3791076652706,6.17248768040925
640,18.3555420348421,9.21912589604632
641,21.8767698621377,7.73085014506292
642,25.9764711558819,6.29801038630697
643,27.7681730082259,5.75833677807498
644,17.7038318663836,9.52448390455596
645,11.8064416851848,12.7909161775101
646,22.5148727418855,7.48808950718751
647,24.9127243459225,6.64205306557152
648,11.7075691465288,12.8543062545651
649,16.0103522241116,10.366088097299
650,22.2912431461737,7.57228727925083
651,25.0586411589757,6.5937700515592
652,28.3411426609382,5.59570979765062
653,19.5150101138279,8.69985904603279
654,21.3423893228173,7.94019523283007
655,24.7324069216847,6.70220772645412
656,27.148948488757,5.9394106137513
657,28.1829300895333,5.6401509263248
658,11.1276445072144,13.2324891427982
659,20.0581660820171,8.46676945396184
660,17.010895460844,9.86026018870384
661,26.9111224589869,6.01045953086117
662,26.1287032766268,6.25025439289968
663,12.346624545753,12.4500682189272
664,24.2537310998887,6.86455197314742
665,14.7053771605715,11.0650165763082
666,11.4991350239143,12.9889705538976
667,28.7129229446873,5.49265190874584
668,13.1433565029874,11.9638488202403
669,22.9411470005289,7.33017932104299
670,13.4703549230471,11.7698312451945
671,10.4014801839367,13.7217658518443
672,20.4262769268826,8.31235933115638
673,11.725557865575,12.8427498272899
674,15.6600469211116,10.5492522808748
675,18.4086980205029,9.1946558424994
676,21.7455624835566,7.78173410041259
677,26.1338885920122,6.24863412593531
678,14.0399041771889,11.4393837987557
679,19.1884934343398,8.84305723477544
680,18.9628622774035,8.94338556233484
681,24.6749551640823,6.72148808614489
682,24.2950962111354,6.8503689974111
683,26.624439577572,6.09723476225512
684,27.731322417967,5.76895646407207
685,29.0528914798051,5.40007453161012
686,21.0123344371095,8.07231743528829
687,20.4467153223231,8.30386910570716
688,13.4139651060104,11.8030630030219
689,19.5854311995208,8.66928023647968
690,15.0764159299433,10.8616314966671
691,10.7956127403304,13.4540031347195
692,22.6960101956502,7.42057702132375
693,20.7912182807922,8.16205859187848
694,12.8020709985867,12.1697550530596
695,15.6742355367169,10.5417709706477
696,21.6606119042262,7.81485753799442
697,13.3005178440362,11.8702045075212
698,11.9260222138837,12.7146671262548
699,18.5722618270665,9.11976684266275
700,17.115231314674,9.80895519552694
701,26.8986707972363,6.01420270641138
702,15.2026494732127,10.7932922796
703,10.4628898436204,13.679698020614
704,27.2479907935485,5.91007067527475
705,16.6917592240497,10.018860517812
706,22.6357774343342,7.44295879954217
707,20.9285251749679,8.10621515766341
708,17.5288898637518,9.60816095120115
709,13.7174603017047,11.6253064745728
710,18.5788118233904,9.1167806097201
711,22.6154719712213,7.45051927313343
712,20.4168470250443,8.3162794918789
713,23.1924267439172,7.23865917497126
714,24.5872186264023,6.75103886045709
715,19.7364574670792,8.60406233496525
716,17.689132313244,9.53148676057614
717,10.1366701768711,13.904657010788
718,10.0736845517531,13.9485157119253
719,29.8987288028002,5.17645722805764
720,12.1577376034111,12.5682079831606
721,18.3733831671998,9.21090558081804
722,24.3576909322292,6.82896266612874
723,24.850782644935,6.6626559568028
724,27.4399764742702,5.85360965443277
725,22.1573592210189,7.62314770131089
726,25.1240670261905,6.57223513808143
727,26.9448259612545,6.00033938354493
728,22.2555929794908,7.58579698143593
729,25.8644833555445,6.3333743186174
730,10.4570936691016,13.6836630909969
731,18.3382909931242,9.22708130280116
732,27.4976477492601,5.83675471066098
733,22.9469403112307,7.3280563282214
734,28.4895797353238,5.55433299430068
735,13.4445019206032,11.7850553565967
736,16.3162557827309,10.2087433111104
737,26.0851255850866,6.26388782324052
738,29.7792682237923,5.20746888149282
739,16.4477110374719,10.1418636961767
740,10.0238325679675,13.9833271383234
741,29.8434123862535,5.19079419887752
742,12.9670478357002,12.0697815678167
743,10.9872859437019,13.3256804235622
744,21.9470696523786,7.70372398988831
745,16.4265688695014,10.1525904141195
746,20.5585800064728,8.25755326937709
747,25.9084404073656,6.31946978112022
748,11.3786519365385,13.067454279294
749,23.9004139462486,6.98689766029159
750,28.9726301468909,5.42178893212351
751,15.5553863476962,10.6046015162741
752,14.9881317047402,10.9096830094631
753,13.1887096026912,11.9367496761881
754,11.4326011203229,13.0322528532183
755,21.1487516621128,8.01744463073045
756,19.7967410320416,8.57816720330635
757,19.8858472378924,8.5400338177851
758,27.7674317033961,5.75855021617376
759,10.7340871961787,13.4954551040979
760,14.0748762711883,11.4193983169265
761,20.2756227832288,8.3752103218609
762,14.726797780022,11.0531719449593
763,21.5087133971974,7.87443676111212
764,19.6451582293957,8.6434293376431
765,21.3870537746698,7.92248279471618
766,12.8830463020131,12.1205821845282
767,12.9141752514988,12.1017318086157
768,18.2456622598693,9.26991505978732
769,23.660205649212,7.07131915348206
770,23.0685564083979,7.28363105529585
771,28.3197266608477,5.60170489292847
772,26.2622626498342,6.20865444611163
773,23.5178000247106,7.12184861298793
774,26.1499821860343,6.24360799937676
775,12.5612883921713,12.3171538162396
776,15.0155706796795,10.8947257461739
777,16.6309398319572,10.0493739397996
778,18.1453857989982,9.31650948401568
779,22.707351539284,7.41637024849988
780,26.1722408980131,6.23666313108084
781,15.1760240271688,10.8076706593071
782,26.3893427979201,6.16932967703342
783,10.3095533791929,13.7849809240524
784,23.0880153318867,7.27654792063769
785,26.2343916855752,6.21731253675203
786,19.2273785360157,8.82588077890699
787,14.0683420328423,11.4231297799685
788,10.3753643436357,13.7396953276615
789,15.6626539444551,10.5478772631467
790,28.3054525125772,5.60570429827178
791,28.6739304102957,5.50337097536252
792,20.8506322745234,8.13784754665547
793,14.3884509196505,11.241752892908
794,19.7885560803115,8.58167851598004
795,26.0229747230187,6.28338340063084
796,18.1526131555438,9.31314340545847
797,12.0742313377559,12.6207938938236
798,15.6113034952432,10.5749939714137
799,17.2293244116008,9.75315779550568
800,15.1848968211561,10.8028770109499
801,19.4136366713792,8.74406772404677
802,17.3169094650075,9.71053963913346
803,12.4254410853609,12.4011012028233
804,10.9398736106232,13.35730797709
805,15.2559260837734,10.7645790387105
806,29.3728233594447,5.314378977732
807,19.7699096472934,8.58968313151999
808,19.5564405946061,8.68185573247021
809,24.9758576229215,6.62111939443429
810,23.3528046263382,7.18084524515854
811,10.9883119352162,13.3249968393442
812,23.9021048881114,6.98630696337556
813,17.2652313346043,9.7356632103227
814,27.6826721476391,5.7830066103037
815,25.5059445928782,6.44793613137406
816,12.7840728266165,12.1807116495019
817,15.9001854248345,10.4233455867182
818,12.5216557085514,12.3415861091926
819,21.7980324756354,7.76134548054439
820,21.2335121771321,7.98353839243275
821,23.7744224024937,7.03105108935496
822,16.2254161806777,10.255216680769
823,22.1117368293926,7.64055686144257
824,29.8206863785163,5.19669585272459
825,24.8640983039513,6.65822155039949
826,11.5171426068991,12.9772808190272
827,19.0233781281859,8.91636563199258
828,11.0707386909053,13.2701930364564
829,16.7911102809012,9.96921470994505
830,24.6790429763496,6.72011441745953
831,10.0821388093755,13.9426207406894
832,25.4381896462291,6.46981715256148
833,19.2595042241737,8.81171528417827
834,24.4168070005253,6.80880739714139
835,23.3301143441349,7.18899663847311
836,21.4414744125679,7.90095476885022
837,24.0762590011582,6.92573635697314
838,23.1444212095812,7.25605482888948
839,15.7870429009199,10.4824788726105
840,11.9447891134769,12.7027419780154
841,29.2484264215454,5.34753661212399
842,24.7266805823892,6.70412695696867
843,22.2544693714008,7.58622316655031
844,12.39857761655,12.4177692241083
845,21.0051809297875,8.07520522079634
846,15.2551255561411,10.7650099144821
847,27.967216623947,5.70131299559231
848,10.1835989160463,13.8720688576543
849,14.7246987186372,11.054332070158
850,12.6008919067681,12.2927878196313
851,16.5246629342437,10.1029168875828
852,24.5279777655378,6.77106537320242
853,29.8349047079682,5.1930027489395
854,24.3026705551893,6.84777513602795
855,20.0887962197885,8.4538124626125
856,18.7209534365684,9.05221661709256
857,28.9765050122514,5.42073859876804
858,12.4036297528073,12.4146328071585
859,11.5029035322368,12.9865233322825
860,27.7804298559204,5.75480890635693
861,18.4890419011936,9.15779321763131
862,10.8472135756165,13.419335985312
863,22.9488428728655,7.32735925743605
864,19.3723832489923,8.76212247411121
865,22.3585224663839,7.54685715923247
866,15.4163086507469,10.6786016902167
867,13.1459057331085,11.9623239872323
868,12.2850854042917,12.488435541425
869,20.1536572631449,8.42644071577069
870,20.960645750165,8.09320679168766
871,12.8129237890244,12.1631530544109
872,13.3953810017556,11.8140355677833
873,25.2397064631805,6.5343443069455
874,20.5478988122195,8.26196447372185
875,27.2197871515527,5.91841083033609
876,23.4710997575894,7.13849765492212
877,10.2608205936849,13.8186109054103
878,23.8639780273661,6.99963796370397
879,27.8342746431008,5.73933642047889
880,22.6370035065338,7.44250253328434
881,12.1458930987865,12.5756533975031
882,28.42130407691,5.57332668313181
883,23.5072476230562,7.12560723481723
884,12.9718742519617,12.0668692297331
885,24.906836845912,6.64400860776341
886,28.8519772375003,5.45459551831984
887,18.4156675124541,9.19145229671458
888,15.9544615633786,10.3950969872198
889,15.1885334029794,10.8009129122116
890,14.4576263381168,11.2029374105019
891,21.3130868691951,7.95183711927155
892,25.133002656512,6.56929944075892
893,23.392070918344,7.16676081745174
894,20.9304558858275,8.1054326575518
895,26.2292731553316,6.21890391549402
896,25.1833360409364,6.5527874733465
897,10.401369323954,13.7218419117913
898,17.6180740026757,9.56541155818015
899,11.0176022723317,13.3054964396872
900,25.9580587456003,6.30381113360027
901,28.4739842638373,5.55866580547891
902,20.8519674092531,8.13730430864382
903,27.0472920034081,5.96967644694889
904,21.6712572658435,7.81069904558504
905,23.3664728701115,7.175939444526
906,20.226291930303,8.39589363293968
907,25.2550117857754,6.52934570744068
908,28.0672457581386,5.67286931466868
909,26.4094902435318,6.16311799459066
910,11.4286369923502,13.0348361851305
911,10.0779268611223,13.9455573297512
912,11.0439723171294,13.2879646732053
913,27.3312035948038,5.88553208197542
914,21.5249033784494,7.86806499125433
915,16.2768514407799,10.2288765786678
916,29.1893156757578,5.3633648349169
917,21.8238751403987,7.75132326448976
918,20.6281867157668,8.2288641666914
919,17.6787334308028,9.5364438896952
920,16.3910645898432,10.1706294414149
921,26.1677251057699,6.23807146381785
922,10.8383899694309,13.4252576382746
923,17.274853894487,9.73098023685589
924,27.1319393394515,5.94446397837836
925,23.9589315699413,6.96648470539125
926,23.6897294595838,7.0608882400957
927,16.9603010546416,9.88523546608043
928,21.0936365881935,8.03956920434003
929,12.744872351177,12.2046095464668
930,25.6986311264336,6.38611289909828
931,27.7372514316812,5.76724650644404
932,14.0819176658988,11.415378600033
933,25.4124592291191,6.47814606376972
934,21.9272592151538,7.71135847735241
935,29.1533948481083,5.37300631576727
936,13.1737679522485,11.9456707452148
937,20.519485482946,8.27371031105678
938,27.4630273506045,5.84686699916929
939,27.3941214056686,5.86704593519985
940,10.4737728647888,13.6722562233718
941,29.5177938695997,5.27599684115531
942,19.8044839641079,8.5748468377865
943,17.7834064606577,9.48666384522594
944,18.3510991977528,9.22117407725437
945,11.8585164099932,12.7576553255443
946,13.2361842039973,11.9084486573781
947,18.1083299033344,9.33378706514869
948,16.8362888833508,9.94672036667936
949,18.3051490643993,9.24238414198337
950,16.0810493817553,10.3295101361155
951,21.2056107493117,7.99468377093484
952,13.1174830114469,11.9793361629332
953,29.1315952828154,5.37886596873431
954,10.8793325070292,13.3978025441122
955,17.4431548547,9.64943714667372
956,29.2523068282753,5.34649918191562
957,22.9085503146052,7.34213603978595
958,11.225252286531,13.1680667797587
959,18.198918569833,9.29160589947161
960,18.5181026812643,9.14449624974577
961,20.1631616940722,8.42243724092747
962,18.991998215206,8.93036635153586
963,22.4652276700363,7.50669993260927
964,12.7995586208999,12.1712839001361
965,28.1589280162007,5.64692375536745
966,21.3888654951006,7.92176516102334
967,20.9656114783138,8.09119760788552
968,12.3365524504334,12.4563397116633
969,25.2405666466802,6.53406327623126
970,19.5673889340833,8.67710443786597
971,25.6393782934174,6.40506071709819
972,10.920530972071,13.370232504956
973,26.3968933559954,6.1670010225265
974,15.3881689487025,10.693636898384
975,15.6570082902908,10.550855166792
976,22.8644311893731,7.35835034820883
977,28.9623767556623,5.4245692309039
978,10.1399690890685,13.9023636877993
979,17.0323534402996,9.8496867987799
980,18.3809144981205,9.20743771489972
981,19.15753594134,8.85675577797636
982,24.2338515864685,6.87137856297115
983,28.3969611534849,5.58011436632869
984,22.5422140117735,7.47785980729724
985,28.0436355667189,5.67957014560894
986,25.1465831836686,6.5648402274192
987,12.7571673132479,12.1971090915751
988,13.0650975601748,12.0107544380256
989,13.8262437377125,11.5622460890287
990,18.6637028120458,9.07816599255417
991,11.7443860368803,12.8306652417596
992,14.47560002096,11.1928740308827
993,21.442973590456,7.90036254421256
994,18.0033835675567,9.38289312757723
995,21.3093076134101,7.9533398625701
996,26.5924775740132,6.10698654430051
997,22.8422763897106,7.36650600343811
998,17.8299750341102,9.46460052152708
999,24.1915970947593,6.88591123976323
1000,12.1764814620838,12.5564346652473
